﻿<?xml version="1.0" encoding="utf-8"?>
<!--Generated by SiteServer CMS-->
<feed version="0.3" xmlns="http://purl.org/atom/ns#">
<title>siteserver channel</title>
<author>
<name>siteserver</name>
<url>http://www.siteserver.cn/</url>
</author>
<generator url="http://www.siteserver.cn/" version="6.4.1.0">Generated by SiteServer CMS</generator>
<modified>2018-07-14T02:15:00+08:00</modified>
<dc:SiteServer_Id xmlns:dc="http://purl.org/dc/elements/1.1/"><![CDATA[335]]></dc:SiteServer_Id>
<dc:SiteServer_PublishmentSystemId xmlns:dc="http://purl.org/dc/elements/1.1/"><![CDATA[335]]></dc:SiteServer_PublishmentSystemId>
<dc:SiteServer_SiteName xmlns:dc="http://purl.org/dc/elements/1.1/"><![CDATA[源码测试]]></dc:SiteServer_SiteName>
<dc:SiteServer_PublishmentSystemName xmlns:dc="http://purl.org/dc/elements/1.1/"><![CDATA[源码测试]]></dc:SiteServer_PublishmentSystemName>
<dc:SiteServer_SiteDir xmlns:dc="http://purl.org/dc/elements/1.1/"><![CDATA[beta_ceshi]]></dc:SiteServer_SiteDir>
<dc:SiteServer_PublishmentSystemDir xmlns:dc="http://purl.org/dc/elements/1.1/"><![CDATA[beta_ceshi]]></dc:SiteServer_PublishmentSystemDir>
<dc:SiteServer_TableName xmlns:dc="http://purl.org/dc/elements/1.1/"><![CDATA[model_Content]]></dc:SiteServer_TableName>
<dc:SiteServer_AuxiliaryTableForContent xmlns:dc="http://purl.org/dc/elements/1.1/"><![CDATA[model_Content]]></dc:SiteServer_AuxiliaryTableForContent>
<dc:SiteServer_IsRoot xmlns:dc="http://purl.org/dc/elements/1.1/"><![CDATA[False]]></dc:SiteServer_IsRoot>
<dc:SiteServer_IsHeadquarters xmlns:dc="http://purl.org/dc/elements/1.1/"><![CDATA[False]]></dc:SiteServer_IsHeadquarters>
<dc:SiteServer_ParentId xmlns:dc="http://purl.org/dc/elements/1.1/"><![CDATA[0]]></dc:SiteServer_ParentId>
<dc:SiteServer_ParentPublishmentSystemId xmlns:dc="http://purl.org/dc/elements/1.1/"><![CDATA[0]]></dc:SiteServer_ParentPublishmentSystemId>
<dc:SiteServer_Taxis xmlns:dc="http://purl.org/dc/elements/1.1/"><![CDATA[2]]></dc:SiteServer_Taxis>
<dc:SiteServer_SettingsXml xmlns:dc="http://purl.org/dc/elements/1.1/"><![CDATA[ischeckcontentlevel=False&charset=utf-8&configuploadimageistitleimage=False&configuploadimagetitleimagewidth=1200&configuploadimagetitleimageheight=800&configuploadimageisshowimageintexteditor=False&configuploadimageislinktooriginal=False&configuploadimageissmallimage=False&configuploadimagesmallimagewidth=500&configuploadimagesmallimageheight=&pagesize=30&iscreatedoubleclick=False&configtemplateiscodemirror=True&favicon=@/upload/images/2018/3/73061a80d78a9ddc.png&configselectimagecurrenturl=upload/images&isseparatedweb=False&menu_adout=工作 / 学习 / 生活 / 网址导航&menu_site=@小呆导航 V2.0&liuyan_des=Hi 我需要你的帮助_and_#126;_return__newline_一个人的力量是有限的，难免会出现一些空链、断链、指向不对、文字错误、图片失效等情况。_return__newline_各位在使用本站的过程中，若出现上面所说的情况时，可直接在本页面留言向我反馈。若对本站有什么建议/提议，也可以留言向我反馈哦，我会第一时间回复你的_and_#126;]]></dc:SiteServer_SettingsXml>
<dc:SiteServer_DefaultIndexTemplateName xmlns:dc="http://purl.org/dc/elements/1.1/"><![CDATA[系统首页模板]]></dc:SiteServer_DefaultIndexTemplateName>
<dc:SiteServer_DefaultChannelTemplateName xmlns:dc="http://purl.org/dc/elements/1.1/"><![CDATA[系统栏目模板]]></dc:SiteServer_DefaultChannelTemplateName>
<dc:SiteServer_DefaultContentTemplateName xmlns:dc="http://purl.org/dc/elements/1.1/"><![CDATA[系统内容模板]]></dc:SiteServer_DefaultContentTemplateName>
<entry>
<title>title</title>
<id>http://www.siteserver.cn/</id>
<modified>2018-07-14T02:15:00+08:00</modified>
<issued>2018-07-14T02:15:00+08:00</issued>
<created>2018-07-14T02:15:00+08:00</created>
<dc:SiteServer_IsNodeGroup xmlns:dc="http://purl.org/dc/elements/1.1/"><![CDATA[True]]></dc:SiteServer_IsNodeGroup>
<dc:SiteServer_GroupName xmlns:dc="http://purl.org/dc/elements/1.1/"><![CDATA[nav]]></dc:SiteServer_GroupName>
<dc:SiteServer_NodeGroupName xmlns:dc="http://purl.org/dc/elements/1.1/"><![CDATA[nav]]></dc:SiteServer_NodeGroupName>
<dc:SiteServer_Taxis xmlns:dc="http://purl.org/dc/elements/1.1/"><![CDATA[1]]></dc:SiteServer_Taxis>
</entry>
</feed>
