﻿<?xml version="1.0" encoding="utf-8"?>
<!--Generated by SiteServer CMS-->
<feed version="0.3" xmlns="http://purl.org/atom/ns#">
<title>siteserver channel</title>
<generator url="http://www.siteserver.cn/" version="6.4.1.0">Generated by SiteServer CMS</generator>
<modified>2018-07-14T02:14:56+08:00</modified>
<dc:SiteServer_Id xmlns:dc="http://purl.org/dc/elements/1.1/"><![CDATA[351]]></dc:SiteServer_Id>
<dc:SiteServer_NodeId xmlns:dc="http://purl.org/dc/elements/1.1/"><![CDATA[351]]></dc:SiteServer_NodeId>
<dc:SiteServer_ChannelName xmlns:dc="http://purl.org/dc/elements/1.1/"><![CDATA[导航目录]]></dc:SiteServer_ChannelName>
<dc:SiteServer_NodeName xmlns:dc="http://purl.org/dc/elements/1.1/"><![CDATA[导航目录]]></dc:SiteServer_NodeName>
<dc:SiteServer_SiteId xmlns:dc="http://purl.org/dc/elements/1.1/"><![CDATA[335]]></dc:SiteServer_SiteId>
<dc:SiteServer_PublishmentSystemId xmlns:dc="http://purl.org/dc/elements/1.1/"><![CDATA[335]]></dc:SiteServer_PublishmentSystemId>
<dc:SiteServer_ParentId xmlns:dc="http://purl.org/dc/elements/1.1/"><![CDATA[335]]></dc:SiteServer_ParentId>
<dc:SiteServer_ParentsPath xmlns:dc="http://purl.org/dc/elements/1.1/"><![CDATA[335]]></dc:SiteServer_ParentsPath>
<dc:SiteServer_ParentsCount xmlns:dc="http://purl.org/dc/elements/1.1/"><![CDATA[1]]></dc:SiteServer_ParentsCount>
<dc:SiteServer_ChildrenCount xmlns:dc="http://purl.org/dc/elements/1.1/"><![CDATA[12]]></dc:SiteServer_ChildrenCount>
<dc:SiteServer_IsLastNode xmlns:dc="http://purl.org/dc/elements/1.1/"><![CDATA[False]]></dc:SiteServer_IsLastNode>
<dc:SiteServer_IndexName xmlns:dc="http://purl.org/dc/elements/1.1/"><![CDATA[导航目录]]></dc:SiteServer_IndexName>
<dc:SiteServer_NodeIndexName xmlns:dc="http://purl.org/dc/elements/1.1/"><![CDATA[导航目录]]></dc:SiteServer_NodeIndexName>
<dc:SiteServer_Taxis xmlns:dc="http://purl.org/dc/elements/1.1/"><![CDATA[9]]></dc:SiteServer_Taxis>
<dc:SiteServer_AddDate xmlns:dc="http://purl.org/dc/elements/1.1/"><![CDATA[2018年6月8日]]></dc:SiteServer_AddDate>
<dc:SiteServer_ContentNum xmlns:dc="http://purl.org/dc/elements/1.1/"><![CDATA[0]]></dc:SiteServer_ContentNum>
<dc:SiteServer_LinkType xmlns:dc="http://purl.org/dc/elements/1.1/"><![CDATA[None]]></dc:SiteServer_LinkType>
<dc:SiteServer_ChannelTemplateId xmlns:dc="http://purl.org/dc/elements/1.1/"><![CDATA[96]]></dc:SiteServer_ChannelTemplateId>
<dc:SiteServer_ContentTemplateId xmlns:dc="http://purl.org/dc/elements/1.1/"><![CDATA[97]]></dc:SiteServer_ContentTemplateId>
<dc:SiteServer_ExtendValues xmlns:dc="http://purl.org/dc/elements/1.1/"><![CDATA[icon_class=&imglink_box=&mao_link=&mao_link_id=&ischanneladdable=True&iscontentaddable=False&defaulttaxistype=OrderByTaxisDesc]]></dc:SiteServer_ExtendValues>
<dc:SiteServer_ChannelTemplateName xmlns:dc="http://purl.org/dc/elements/1.1/"><![CDATA[系统栏目模板]]></dc:SiteServer_ChannelTemplateName>
<dc:SiteServer_ContentTemplateName xmlns:dc="http://purl.org/dc/elements/1.1/"><![CDATA[系统内容模板]]></dc:SiteServer_ContentTemplateName>
</feed>
