﻿<?xml version="1.0" encoding="utf-8"?>
<!--Generated by SiteServer CMS-->
<feed version="0.3" xmlns="http://purl.org/atom/ns#">
<title>siteserver channel</title>
<generator url="http://www.siteserver.cn/" version="6.4.1.0">Generated by SiteServer CMS</generator>
<modified>2018-07-14T02:14:56+08:00</modified>
<dc:SiteServer_Id xmlns:dc="http://purl.org/dc/elements/1.1/"><![CDATA[352]]></dc:SiteServer_Id>
<dc:SiteServer_NodeId xmlns:dc="http://purl.org/dc/elements/1.1/"><![CDATA[352]]></dc:SiteServer_NodeId>
<dc:SiteServer_ChannelName xmlns:dc="http://purl.org/dc/elements/1.1/"><![CDATA[前端开发]]></dc:SiteServer_ChannelName>
<dc:SiteServer_NodeName xmlns:dc="http://purl.org/dc/elements/1.1/"><![CDATA[前端开发]]></dc:SiteServer_NodeName>
<dc:SiteServer_SiteId xmlns:dc="http://purl.org/dc/elements/1.1/"><![CDATA[335]]></dc:SiteServer_SiteId>
<dc:SiteServer_PublishmentSystemId xmlns:dc="http://purl.org/dc/elements/1.1/"><![CDATA[335]]></dc:SiteServer_PublishmentSystemId>
<dc:SiteServer_ParentId xmlns:dc="http://purl.org/dc/elements/1.1/"><![CDATA[351]]></dc:SiteServer_ParentId>
<dc:SiteServer_ParentsPath xmlns:dc="http://purl.org/dc/elements/1.1/"><![CDATA[335,351]]></dc:SiteServer_ParentsPath>
<dc:SiteServer_ParentsCount xmlns:dc="http://purl.org/dc/elements/1.1/"><![CDATA[2]]></dc:SiteServer_ParentsCount>
<dc:SiteServer_ChildrenCount xmlns:dc="http://purl.org/dc/elements/1.1/"><![CDATA[2]]></dc:SiteServer_ChildrenCount>
<dc:SiteServer_IsLastNode xmlns:dc="http://purl.org/dc/elements/1.1/"><![CDATA[False]]></dc:SiteServer_IsLastNode>
<dc:SiteServer_IndexName xmlns:dc="http://purl.org/dc/elements/1.1/"><![CDATA[前端开发]]></dc:SiteServer_IndexName>
<dc:SiteServer_NodeIndexName xmlns:dc="http://purl.org/dc/elements/1.1/"><![CDATA[前端开发]]></dc:SiteServer_NodeIndexName>
<dc:SiteServer_Taxis xmlns:dc="http://purl.org/dc/elements/1.1/"><![CDATA[10]]></dc:SiteServer_Taxis>
<dc:SiteServer_AddDate xmlns:dc="http://purl.org/dc/elements/1.1/"><![CDATA[2018年6月8日]]></dc:SiteServer_AddDate>
<dc:SiteServer_Content xmlns:dc="http://purl.org/dc/elements/1.1/"><![CDATA[2mcWIrYIzlOP1slrTP7md4vHmo0e+/R7v002iK6FPDjM0EoHOv6DyEzoSKjMYTMxelSvTJUDuRj6hmQ8g2On0A==]]></dc:SiteServer_Content>
<dc:SiteServer_ContentNum xmlns:dc="http://purl.org/dc/elements/1.1/"><![CDATA[0]]></dc:SiteServer_ContentNum>
<dc:SiteServer_FilePath xmlns:dc="http://purl.org/dc/elements/1.1/"><![CDATA[@/web.html]]></dc:SiteServer_FilePath>
<dc:SiteServer_LinkType xmlns:dc="http://purl.org/dc/elements/1.1/"><![CDATA[None]]></dc:SiteServer_LinkType>
<dc:SiteServer_ChannelTemplateId xmlns:dc="http://purl.org/dc/elements/1.1/"><![CDATA[104]]></dc:SiteServer_ChannelTemplateId>
<dc:SiteServer_ContentTemplateId xmlns:dc="http://purl.org/dc/elements/1.1/"><![CDATA[97]]></dc:SiteServer_ContentTemplateId>
<dc:SiteServer_Keywords xmlns:dc="http://purl.org/dc/elements/1.1/"><![CDATA[前端导航,程序员导航,前端开发学习,前端网址大全,前端教程,小呆导航,网址导航]]></dc:SiteServer_Keywords>
<dc:SiteServer_Description xmlns:dc="http://purl.org/dc/elements/1.1/"><![CDATA[前端导航是小呆导航推出的前端开发行业版，收录了大量高质量前端相关站点，为广大用户提供学习网站、学习方向、学习途径、最新前端框架等内容。是国内收录内容最全的前端导航。]]></dc:SiteServer_Description>
<dc:SiteServer_ExtendValues xmlns:dc="http://purl.org/dc/elements/1.1/"><![CDATA[icon_class=fa fa-html5&imglink_box=&mao_link=&mao_link_id=web&ischanneladdable=True&iscontentaddable=False&defaulttaxistype=OrderByTaxisDesc&nav_open=]]></dc:SiteServer_ExtendValues>
<dc:SiteServer_ChannelTemplateName xmlns:dc="http://purl.org/dc/elements/1.1/"><![CDATA[导航栏目]]></dc:SiteServer_ChannelTemplateName>
<dc:SiteServer_ContentTemplateName xmlns:dc="http://purl.org/dc/elements/1.1/"><![CDATA[系统内容模板]]></dc:SiteServer_ContentTemplateName>
</feed>
