﻿<?xml version="1.0" encoding="utf-8"?>
<!--Generated by SiteServer CMS-->
<feed version="0.3" xmlns="http://purl.org/atom/ns#">
<title>siteserver channel</title>
<generator url="http://www.siteserver.cn/" version="6.4.1.0">Generated by SiteServer CMS</generator>
<modified>2018-07-14T02:14:57+08:00</modified>
<dc:SiteServer_Id xmlns:dc="http://purl.org/dc/elements/1.1/"><![CDATA[400]]></dc:SiteServer_Id>
<dc:SiteServer_NodeId xmlns:dc="http://purl.org/dc/elements/1.1/"><![CDATA[400]]></dc:SiteServer_NodeId>
<dc:SiteServer_ChannelName xmlns:dc="http://purl.org/dc/elements/1.1/"><![CDATA[热门推荐]]></dc:SiteServer_ChannelName>
<dc:SiteServer_NodeName xmlns:dc="http://purl.org/dc/elements/1.1/"><![CDATA[热门推荐]]></dc:SiteServer_NodeName>
<dc:SiteServer_SiteId xmlns:dc="http://purl.org/dc/elements/1.1/"><![CDATA[335]]></dc:SiteServer_SiteId>
<dc:SiteServer_PublishmentSystemId xmlns:dc="http://purl.org/dc/elements/1.1/"><![CDATA[335]]></dc:SiteServer_PublishmentSystemId>
<dc:SiteServer_ParentId xmlns:dc="http://purl.org/dc/elements/1.1/"><![CDATA[399]]></dc:SiteServer_ParentId>
<dc:SiteServer_ParentsPath xmlns:dc="http://purl.org/dc/elements/1.1/"><![CDATA[335,351,399]]></dc:SiteServer_ParentsPath>
<dc:SiteServer_ParentsCount xmlns:dc="http://purl.org/dc/elements/1.1/"><![CDATA[3]]></dc:SiteServer_ParentsCount>
<dc:SiteServer_ChildrenCount xmlns:dc="http://purl.org/dc/elements/1.1/"><![CDATA[0]]></dc:SiteServer_ChildrenCount>
<dc:SiteServer_IsLastNode xmlns:dc="http://purl.org/dc/elements/1.1/"><![CDATA[False]]></dc:SiteServer_IsLastNode>
<dc:SiteServer_Taxis xmlns:dc="http://purl.org/dc/elements/1.1/"><![CDATA[20]]></dc:SiteServer_Taxis>
<dc:SiteServer_AddDate xmlns:dc="http://purl.org/dc/elements/1.1/"><![CDATA[2018年6月8日]]></dc:SiteServer_AddDate>
<dc:SiteServer_ContentNum xmlns:dc="http://purl.org/dc/elements/1.1/"><![CDATA[0]]></dc:SiteServer_ContentNum>
<dc:SiteServer_LinkType xmlns:dc="http://purl.org/dc/elements/1.1/"><![CDATA[None]]></dc:SiteServer_LinkType>
<dc:SiteServer_ChannelTemplateId xmlns:dc="http://purl.org/dc/elements/1.1/"><![CDATA[96]]></dc:SiteServer_ChannelTemplateId>
<dc:SiteServer_ContentTemplateId xmlns:dc="http://purl.org/dc/elements/1.1/"><![CDATA[97]]></dc:SiteServer_ContentTemplateId>
<dc:SiteServer_ExtendValues xmlns:dc="http://purl.org/dc/elements/1.1/"><![CDATA[icon_class=fa fa-fire&imglink_box=&mao_link=#row-1&mao_link_id=row-1&nav_open=&ischanneladdable=False&iscontentaddable=True&defaulttaxistype=OrderByTaxisDesc]]></dc:SiteServer_ExtendValues>
<dc:SiteServer_ChannelTemplateName xmlns:dc="http://purl.org/dc/elements/1.1/"><![CDATA[系统栏目模板]]></dc:SiteServer_ChannelTemplateName>
<dc:SiteServer_ContentTemplateName xmlns:dc="http://purl.org/dc/elements/1.1/"><![CDATA[系统内容模板]]></dc:SiteServer_ContentTemplateName>
</feed>
