﻿<?xml version="1.0" encoding="utf-8"?>
<!--Generated by SiteServer CMS-->
<feed version="0.3" xmlns="http://purl.org/atom/ns#">
<title>siteserver channel</title>
<author>
<name>siteserver</name>
<url>http://www.siteserver.cn/</url>
</author>
<generator url="http://www.siteserver.cn/" version="6.4.1.0">Generated by SiteServer CMS</generator>
<modified>2018-07-14T02:14:57+08:00</modified>
<dc:SiteServer_Id xmlns:dc="http://purl.org/dc/elements/1.1/"><![CDATA[416]]></dc:SiteServer_Id>
<dc:SiteServer_NodeId xmlns:dc="http://purl.org/dc/elements/1.1/"><![CDATA[416]]></dc:SiteServer_NodeId>
<dc:SiteServer_ChannelName xmlns:dc="http://purl.org/dc/elements/1.1/"><![CDATA[工作 · 求职]]></dc:SiteServer_ChannelName>
<dc:SiteServer_NodeName xmlns:dc="http://purl.org/dc/elements/1.1/"><![CDATA[工作 · 求职]]></dc:SiteServer_NodeName>
<dc:SiteServer_SiteId xmlns:dc="http://purl.org/dc/elements/1.1/"><![CDATA[335]]></dc:SiteServer_SiteId>
<dc:SiteServer_PublishmentSystemId xmlns:dc="http://purl.org/dc/elements/1.1/"><![CDATA[335]]></dc:SiteServer_PublishmentSystemId>
<dc:SiteServer_ParentId xmlns:dc="http://purl.org/dc/elements/1.1/"><![CDATA[409]]></dc:SiteServer_ParentId>
<dc:SiteServer_ParentsPath xmlns:dc="http://purl.org/dc/elements/1.1/"><![CDATA[335,409]]></dc:SiteServer_ParentsPath>
<dc:SiteServer_ParentsCount xmlns:dc="http://purl.org/dc/elements/1.1/"><![CDATA[2]]></dc:SiteServer_ParentsCount>
<dc:SiteServer_ChildrenCount xmlns:dc="http://purl.org/dc/elements/1.1/"><![CDATA[0]]></dc:SiteServer_ChildrenCount>
<dc:SiteServer_IsLastNode xmlns:dc="http://purl.org/dc/elements/1.1/"><![CDATA[False]]></dc:SiteServer_IsLastNode>
<dc:SiteServer_IndexName xmlns:dc="http://purl.org/dc/elements/1.1/"><![CDATA[工作 · 求职]]></dc:SiteServer_IndexName>
<dc:SiteServer_NodeIndexName xmlns:dc="http://purl.org/dc/elements/1.1/"><![CDATA[工作 · 求职]]></dc:SiteServer_NodeIndexName>
<dc:SiteServer_Taxis xmlns:dc="http://purl.org/dc/elements/1.1/"><![CDATA[29]]></dc:SiteServer_Taxis>
<dc:SiteServer_AddDate xmlns:dc="http://purl.org/dc/elements/1.1/"><![CDATA[2018年6月8日]]></dc:SiteServer_AddDate>
<dc:SiteServer_ContentNum xmlns:dc="http://purl.org/dc/elements/1.1/"><![CDATA[9]]></dc:SiteServer_ContentNum>
<dc:SiteServer_LinkType xmlns:dc="http://purl.org/dc/elements/1.1/"><![CDATA[None]]></dc:SiteServer_LinkType>
<dc:SiteServer_ChannelTemplateId xmlns:dc="http://purl.org/dc/elements/1.1/"><![CDATA[96]]></dc:SiteServer_ChannelTemplateId>
<dc:SiteServer_ContentTemplateId xmlns:dc="http://purl.org/dc/elements/1.1/"><![CDATA[97]]></dc:SiteServer_ContentTemplateId>
<dc:SiteServer_ExtendValues xmlns:dc="http://purl.org/dc/elements/1.1/"><![CDATA[link_list_tit_id=7&ischanneladdable=True&iscontentaddable=True&defaulttaxistype=OrderByTaxisDesc]]></dc:SiteServer_ExtendValues>
<dc:SiteServer_ChannelTemplateName xmlns:dc="http://purl.org/dc/elements/1.1/"><![CDATA[系统栏目模板]]></dc:SiteServer_ChannelTemplateName>
<dc:SiteServer_ContentTemplateName xmlns:dc="http://purl.org/dc/elements/1.1/"><![CDATA[系统内容模板]]></dc:SiteServer_ContentTemplateName>
<entry>
<title>title</title>
<id>http://www.siteserver.cn/</id>
<modified>2018-07-14T02:14:57+08:00</modified>
<issued>2018-07-14T02:14:57+08:00</issued>
<created>2018-07-14T02:14:57+08:00</created>
<dc:SiteServer_Id xmlns:dc="http://purl.org/dc/elements/1.1/"><![CDATA[2149]]></dc:SiteServer_Id>
<dc:SiteServer_ChannelId xmlns:dc="http://purl.org/dc/elements/1.1/"><![CDATA[416]]></dc:SiteServer_ChannelId>
<dc:SiteServer_NodeId xmlns:dc="http://purl.org/dc/elements/1.1/"><![CDATA[416]]></dc:SiteServer_NodeId>
<dc:SiteServer_SiteId xmlns:dc="http://purl.org/dc/elements/1.1/"><![CDATA[335]]></dc:SiteServer_SiteId>
<dc:SiteServer_PublishmentSystemId xmlns:dc="http://purl.org/dc/elements/1.1/"><![CDATA[335]]></dc:SiteServer_PublishmentSystemId>
<dc:SiteServer_AddUserName xmlns:dc="http://purl.org/dc/elements/1.1/"><![CDATA[webjike]]></dc:SiteServer_AddUserName>
<dc:SiteServer_LastEditUserName xmlns:dc="http://purl.org/dc/elements/1.1/"><![CDATA[webjike]]></dc:SiteServer_LastEditUserName>
<dc:SiteServer_LastEditDate xmlns:dc="http://purl.org/dc/elements/1.1/"><![CDATA[06/20/2018 10:57:00]]></dc:SiteServer_LastEditDate>
<dc:SiteServer_Taxis xmlns:dc="http://purl.org/dc/elements/1.1/"><![CDATA[1]]></dc:SiteServer_Taxis>
<dc:SiteServer_SourceId xmlns:dc="http://purl.org/dc/elements/1.1/"><![CDATA[63]]></dc:SiteServer_SourceId>
<dc:SiteServer_ReferenceId xmlns:dc="http://purl.org/dc/elements/1.1/"><![CDATA[0]]></dc:SiteServer_ReferenceId>
<dc:SiteServer_IsChecked xmlns:dc="http://purl.org/dc/elements/1.1/"><![CDATA[True]]></dc:SiteServer_IsChecked>
<dc:SiteServer_CheckedLevel xmlns:dc="http://purl.org/dc/elements/1.1/"><![CDATA[0]]></dc:SiteServer_CheckedLevel>
<dc:SiteServer_Hits xmlns:dc="http://purl.org/dc/elements/1.1/"><![CDATA[0]]></dc:SiteServer_Hits>
<dc:SiteServer_HitsByDay xmlns:dc="http://purl.org/dc/elements/1.1/"><![CDATA[0]]></dc:SiteServer_HitsByDay>
<dc:SiteServer_HitsByWeek xmlns:dc="http://purl.org/dc/elements/1.1/"><![CDATA[0]]></dc:SiteServer_HitsByWeek>
<dc:SiteServer_HitsByMonth xmlns:dc="http://purl.org/dc/elements/1.1/"><![CDATA[0]]></dc:SiteServer_HitsByMonth>
<dc:SiteServer_LastHitsDate xmlns:dc="http://purl.org/dc/elements/1.1/"><![CDATA[03/29/2018 23:44:00]]></dc:SiteServer_LastHitsDate>
<dc:SiteServer_Title xmlns:dc="http://purl.org/dc/elements/1.1/"><![CDATA[zu+c11qpdto=]]></dc:SiteServer_Title>
<dc:SiteServer_IsTop xmlns:dc="http://purl.org/dc/elements/1.1/"><![CDATA[False]]></dc:SiteServer_IsTop>
<dc:SiteServer_IsRecommend xmlns:dc="http://purl.org/dc/elements/1.1/"><![CDATA[False]]></dc:SiteServer_IsRecommend>
<dc:SiteServer_IsHot xmlns:dc="http://purl.org/dc/elements/1.1/"><![CDATA[False]]></dc:SiteServer_IsHot>
<dc:SiteServer_IsColor xmlns:dc="http://purl.org/dc/elements/1.1/"><![CDATA[False]]></dc:SiteServer_IsColor>
<dc:SiteServer_LinkUrl xmlns:dc="http://purl.org/dc/elements/1.1/"><![CDATA[oOBWRG4bg1XROZtiTZ53EGNl9ySG3R87]]></dc:SiteServer_LinkUrl>
<dc:SiteServer_AddDate xmlns:dc="http://purl.org/dc/elements/1.1/"><![CDATA[03/29/2018 23:44:00]]></dc:SiteServer_AddDate>
<dc:SiteServer_titleformatstring xmlns:dc="http://purl.org/dc/elements/1.1/"><![CDATA[gS5v14GEtRgpRV+jhkACTC3JFjAckCMO]]></dc:SiteServer_titleformatstring>
<dc:SiteServer_check_isadmin xmlns:dc="http://purl.org/dc/elements/1.1/"><![CDATA[Xz/xeYVjObg=]]></dc:SiteServer_check_isadmin>
<dc:SiteServer_check_username xmlns:dc="http://purl.org/dc/elements/1.1/"><![CDATA[hHM5rNI+hLg=]]></dc:SiteServer_check_username>
<dc:SiteServer_check_checkdate xmlns:dc="http://purl.org/dc/elements/1.1/"><![CDATA[UIQPSOm52XYUG/PCuVA0AjPImSiLtohE]]></dc:SiteServer_check_checkdate>
<dc:SiteServer_translatecontenttype xmlns:dc="http://purl.org/dc/elements/1.1/"><![CDATA[YpzU3jfOomk=]]></dc:SiteServer_translatecontenttype>
</entry>
<entry>
<title>title</title>
<id>http://www.siteserver.cn/</id>
<modified>2018-07-14T02:14:57+08:00</modified>
<issued>2018-07-14T02:14:57+08:00</issued>
<created>2018-07-14T02:14:57+08:00</created>
<dc:SiteServer_Id xmlns:dc="http://purl.org/dc/elements/1.1/"><![CDATA[2150]]></dc:SiteServer_Id>
<dc:SiteServer_ChannelId xmlns:dc="http://purl.org/dc/elements/1.1/"><![CDATA[416]]></dc:SiteServer_ChannelId>
<dc:SiteServer_NodeId xmlns:dc="http://purl.org/dc/elements/1.1/"><![CDATA[416]]></dc:SiteServer_NodeId>
<dc:SiteServer_SiteId xmlns:dc="http://purl.org/dc/elements/1.1/"><![CDATA[335]]></dc:SiteServer_SiteId>
<dc:SiteServer_PublishmentSystemId xmlns:dc="http://purl.org/dc/elements/1.1/"><![CDATA[335]]></dc:SiteServer_PublishmentSystemId>
<dc:SiteServer_AddUserName xmlns:dc="http://purl.org/dc/elements/1.1/"><![CDATA[webjike]]></dc:SiteServer_AddUserName>
<dc:SiteServer_LastEditUserName xmlns:dc="http://purl.org/dc/elements/1.1/"><![CDATA[webjike]]></dc:SiteServer_LastEditUserName>
<dc:SiteServer_LastEditDate xmlns:dc="http://purl.org/dc/elements/1.1/"><![CDATA[06/20/2018 10:57:00]]></dc:SiteServer_LastEditDate>
<dc:SiteServer_Taxis xmlns:dc="http://purl.org/dc/elements/1.1/"><![CDATA[2]]></dc:SiteServer_Taxis>
<dc:SiteServer_SourceId xmlns:dc="http://purl.org/dc/elements/1.1/"><![CDATA[63]]></dc:SiteServer_SourceId>
<dc:SiteServer_ReferenceId xmlns:dc="http://purl.org/dc/elements/1.1/"><![CDATA[0]]></dc:SiteServer_ReferenceId>
<dc:SiteServer_IsChecked xmlns:dc="http://purl.org/dc/elements/1.1/"><![CDATA[True]]></dc:SiteServer_IsChecked>
<dc:SiteServer_CheckedLevel xmlns:dc="http://purl.org/dc/elements/1.1/"><![CDATA[0]]></dc:SiteServer_CheckedLevel>
<dc:SiteServer_Hits xmlns:dc="http://purl.org/dc/elements/1.1/"><![CDATA[0]]></dc:SiteServer_Hits>
<dc:SiteServer_HitsByDay xmlns:dc="http://purl.org/dc/elements/1.1/"><![CDATA[0]]></dc:SiteServer_HitsByDay>
<dc:SiteServer_HitsByWeek xmlns:dc="http://purl.org/dc/elements/1.1/"><![CDATA[0]]></dc:SiteServer_HitsByWeek>
<dc:SiteServer_HitsByMonth xmlns:dc="http://purl.org/dc/elements/1.1/"><![CDATA[0]]></dc:SiteServer_HitsByMonth>
<dc:SiteServer_LastHitsDate xmlns:dc="http://purl.org/dc/elements/1.1/"><![CDATA[03/29/2018 23:45:00]]></dc:SiteServer_LastHitsDate>
<dc:SiteServer_Title xmlns:dc="http://purl.org/dc/elements/1.1/"><![CDATA[hF8rwwcROHw=]]></dc:SiteServer_Title>
<dc:SiteServer_IsTop xmlns:dc="http://purl.org/dc/elements/1.1/"><![CDATA[False]]></dc:SiteServer_IsTop>
<dc:SiteServer_IsRecommend xmlns:dc="http://purl.org/dc/elements/1.1/"><![CDATA[False]]></dc:SiteServer_IsRecommend>
<dc:SiteServer_IsHot xmlns:dc="http://purl.org/dc/elements/1.1/"><![CDATA[False]]></dc:SiteServer_IsHot>
<dc:SiteServer_IsColor xmlns:dc="http://purl.org/dc/elements/1.1/"><![CDATA[False]]></dc:SiteServer_IsColor>
<dc:SiteServer_LinkUrl xmlns:dc="http://purl.org/dc/elements/1.1/"><![CDATA[oOBWRG4bg1XrFLWvcPzc8s+NHYA5xX1S]]></dc:SiteServer_LinkUrl>
<dc:SiteServer_AddDate xmlns:dc="http://purl.org/dc/elements/1.1/"><![CDATA[03/29/2018 23:44:00]]></dc:SiteServer_AddDate>
<dc:SiteServer_titleformatstring xmlns:dc="http://purl.org/dc/elements/1.1/"><![CDATA[gS5v14GEtRgpRV+jhkACTC3JFjAckCMO]]></dc:SiteServer_titleformatstring>
<dc:SiteServer_check_isadmin xmlns:dc="http://purl.org/dc/elements/1.1/"><![CDATA[Xz/xeYVjObg=]]></dc:SiteServer_check_isadmin>
<dc:SiteServer_check_username xmlns:dc="http://purl.org/dc/elements/1.1/"><![CDATA[hHM5rNI+hLg=]]></dc:SiteServer_check_username>
<dc:SiteServer_check_checkdate xmlns:dc="http://purl.org/dc/elements/1.1/"><![CDATA[UIQPSOm52XaR7qyXj6PbebMat83L0RdG]]></dc:SiteServer_check_checkdate>
<dc:SiteServer_translatecontenttype xmlns:dc="http://purl.org/dc/elements/1.1/"><![CDATA[YpzU3jfOomk=]]></dc:SiteServer_translatecontenttype>
</entry>
<entry>
<title>title</title>
<id>http://www.siteserver.cn/</id>
<modified>2018-07-14T02:14:57+08:00</modified>
<issued>2018-07-14T02:14:57+08:00</issued>
<created>2018-07-14T02:14:57+08:00</created>
<dc:SiteServer_Id xmlns:dc="http://purl.org/dc/elements/1.1/"><![CDATA[2151]]></dc:SiteServer_Id>
<dc:SiteServer_ChannelId xmlns:dc="http://purl.org/dc/elements/1.1/"><![CDATA[416]]></dc:SiteServer_ChannelId>
<dc:SiteServer_NodeId xmlns:dc="http://purl.org/dc/elements/1.1/"><![CDATA[416]]></dc:SiteServer_NodeId>
<dc:SiteServer_SiteId xmlns:dc="http://purl.org/dc/elements/1.1/"><![CDATA[335]]></dc:SiteServer_SiteId>
<dc:SiteServer_PublishmentSystemId xmlns:dc="http://purl.org/dc/elements/1.1/"><![CDATA[335]]></dc:SiteServer_PublishmentSystemId>
<dc:SiteServer_AddUserName xmlns:dc="http://purl.org/dc/elements/1.1/"><![CDATA[webjike]]></dc:SiteServer_AddUserName>
<dc:SiteServer_LastEditUserName xmlns:dc="http://purl.org/dc/elements/1.1/"><![CDATA[webjike]]></dc:SiteServer_LastEditUserName>
<dc:SiteServer_LastEditDate xmlns:dc="http://purl.org/dc/elements/1.1/"><![CDATA[06/20/2018 10:57:00]]></dc:SiteServer_LastEditDate>
<dc:SiteServer_Taxis xmlns:dc="http://purl.org/dc/elements/1.1/"><![CDATA[3]]></dc:SiteServer_Taxis>
<dc:SiteServer_SourceId xmlns:dc="http://purl.org/dc/elements/1.1/"><![CDATA[63]]></dc:SiteServer_SourceId>
<dc:SiteServer_ReferenceId xmlns:dc="http://purl.org/dc/elements/1.1/"><![CDATA[0]]></dc:SiteServer_ReferenceId>
<dc:SiteServer_IsChecked xmlns:dc="http://purl.org/dc/elements/1.1/"><![CDATA[True]]></dc:SiteServer_IsChecked>
<dc:SiteServer_CheckedLevel xmlns:dc="http://purl.org/dc/elements/1.1/"><![CDATA[0]]></dc:SiteServer_CheckedLevel>
<dc:SiteServer_Hits xmlns:dc="http://purl.org/dc/elements/1.1/"><![CDATA[0]]></dc:SiteServer_Hits>
<dc:SiteServer_HitsByDay xmlns:dc="http://purl.org/dc/elements/1.1/"><![CDATA[0]]></dc:SiteServer_HitsByDay>
<dc:SiteServer_HitsByWeek xmlns:dc="http://purl.org/dc/elements/1.1/"><![CDATA[0]]></dc:SiteServer_HitsByWeek>
<dc:SiteServer_HitsByMonth xmlns:dc="http://purl.org/dc/elements/1.1/"><![CDATA[0]]></dc:SiteServer_HitsByMonth>
<dc:SiteServer_LastHitsDate xmlns:dc="http://purl.org/dc/elements/1.1/"><![CDATA[03/29/2018 23:45:00]]></dc:SiteServer_LastHitsDate>
<dc:SiteServer_Title xmlns:dc="http://purl.org/dc/elements/1.1/"><![CDATA[CnO9fTy0SRg=]]></dc:SiteServer_Title>
<dc:SiteServer_IsTop xmlns:dc="http://purl.org/dc/elements/1.1/"><![CDATA[False]]></dc:SiteServer_IsTop>
<dc:SiteServer_IsRecommend xmlns:dc="http://purl.org/dc/elements/1.1/"><![CDATA[False]]></dc:SiteServer_IsRecommend>
<dc:SiteServer_IsHot xmlns:dc="http://purl.org/dc/elements/1.1/"><![CDATA[False]]></dc:SiteServer_IsHot>
<dc:SiteServer_IsColor xmlns:dc="http://purl.org/dc/elements/1.1/"><![CDATA[False]]></dc:SiteServer_IsColor>
<dc:SiteServer_LinkUrl xmlns:dc="http://purl.org/dc/elements/1.1/"><![CDATA[oOBWRG4bg1U++cGIA9uNgMdnqpAOmADf]]></dc:SiteServer_LinkUrl>
<dc:SiteServer_AddDate xmlns:dc="http://purl.org/dc/elements/1.1/"><![CDATA[03/29/2018 23:45:00]]></dc:SiteServer_AddDate>
<dc:SiteServer_titleformatstring xmlns:dc="http://purl.org/dc/elements/1.1/"><![CDATA[gS5v14GEtRgpRV+jhkACTC3JFjAckCMO]]></dc:SiteServer_titleformatstring>
<dc:SiteServer_check_isadmin xmlns:dc="http://purl.org/dc/elements/1.1/"><![CDATA[Xz/xeYVjObg=]]></dc:SiteServer_check_isadmin>
<dc:SiteServer_check_username xmlns:dc="http://purl.org/dc/elements/1.1/"><![CDATA[hHM5rNI+hLg=]]></dc:SiteServer_check_username>
<dc:SiteServer_check_checkdate xmlns:dc="http://purl.org/dc/elements/1.1/"><![CDATA[UIQPSOm52XaR7qyXj6PbebMat83L0RdG]]></dc:SiteServer_check_checkdate>
<dc:SiteServer_translatecontenttype xmlns:dc="http://purl.org/dc/elements/1.1/"><![CDATA[YpzU3jfOomk=]]></dc:SiteServer_translatecontenttype>
</entry>
<entry>
<title>title</title>
<id>http://www.siteserver.cn/</id>
<modified>2018-07-14T02:14:57+08:00</modified>
<issued>2018-07-14T02:14:57+08:00</issued>
<created>2018-07-14T02:14:57+08:00</created>
<dc:SiteServer_Id xmlns:dc="http://purl.org/dc/elements/1.1/"><![CDATA[2152]]></dc:SiteServer_Id>
<dc:SiteServer_ChannelId xmlns:dc="http://purl.org/dc/elements/1.1/"><![CDATA[416]]></dc:SiteServer_ChannelId>
<dc:SiteServer_NodeId xmlns:dc="http://purl.org/dc/elements/1.1/"><![CDATA[416]]></dc:SiteServer_NodeId>
<dc:SiteServer_SiteId xmlns:dc="http://purl.org/dc/elements/1.1/"><![CDATA[335]]></dc:SiteServer_SiteId>
<dc:SiteServer_PublishmentSystemId xmlns:dc="http://purl.org/dc/elements/1.1/"><![CDATA[335]]></dc:SiteServer_PublishmentSystemId>
<dc:SiteServer_AddUserName xmlns:dc="http://purl.org/dc/elements/1.1/"><![CDATA[webjike]]></dc:SiteServer_AddUserName>
<dc:SiteServer_LastEditUserName xmlns:dc="http://purl.org/dc/elements/1.1/"><![CDATA[webjike]]></dc:SiteServer_LastEditUserName>
<dc:SiteServer_LastEditDate xmlns:dc="http://purl.org/dc/elements/1.1/"><![CDATA[06/20/2018 10:57:00]]></dc:SiteServer_LastEditDate>
<dc:SiteServer_Taxis xmlns:dc="http://purl.org/dc/elements/1.1/"><![CDATA[4]]></dc:SiteServer_Taxis>
<dc:SiteServer_SourceId xmlns:dc="http://purl.org/dc/elements/1.1/"><![CDATA[63]]></dc:SiteServer_SourceId>
<dc:SiteServer_ReferenceId xmlns:dc="http://purl.org/dc/elements/1.1/"><![CDATA[0]]></dc:SiteServer_ReferenceId>
<dc:SiteServer_IsChecked xmlns:dc="http://purl.org/dc/elements/1.1/"><![CDATA[True]]></dc:SiteServer_IsChecked>
<dc:SiteServer_CheckedLevel xmlns:dc="http://purl.org/dc/elements/1.1/"><![CDATA[0]]></dc:SiteServer_CheckedLevel>
<dc:SiteServer_Hits xmlns:dc="http://purl.org/dc/elements/1.1/"><![CDATA[0]]></dc:SiteServer_Hits>
<dc:SiteServer_HitsByDay xmlns:dc="http://purl.org/dc/elements/1.1/"><![CDATA[0]]></dc:SiteServer_HitsByDay>
<dc:SiteServer_HitsByWeek xmlns:dc="http://purl.org/dc/elements/1.1/"><![CDATA[0]]></dc:SiteServer_HitsByWeek>
<dc:SiteServer_HitsByMonth xmlns:dc="http://purl.org/dc/elements/1.1/"><![CDATA[0]]></dc:SiteServer_HitsByMonth>
<dc:SiteServer_LastHitsDate xmlns:dc="http://purl.org/dc/elements/1.1/"><![CDATA[03/29/2018 23:45:00]]></dc:SiteServer_LastHitsDate>
<dc:SiteServer_Title xmlns:dc="http://purl.org/dc/elements/1.1/"><![CDATA[57uzHu4ICDOGeICBQW844g==]]></dc:SiteServer_Title>
<dc:SiteServer_IsTop xmlns:dc="http://purl.org/dc/elements/1.1/"><![CDATA[False]]></dc:SiteServer_IsTop>
<dc:SiteServer_IsRecommend xmlns:dc="http://purl.org/dc/elements/1.1/"><![CDATA[False]]></dc:SiteServer_IsRecommend>
<dc:SiteServer_IsHot xmlns:dc="http://purl.org/dc/elements/1.1/"><![CDATA[False]]></dc:SiteServer_IsHot>
<dc:SiteServer_IsColor xmlns:dc="http://purl.org/dc/elements/1.1/"><![CDATA[False]]></dc:SiteServer_IsColor>
<dc:SiteServer_LinkUrl xmlns:dc="http://purl.org/dc/elements/1.1/"><![CDATA[DU2ZfXjh12WCYfVQpVh36Vc3wLaNvXKv]]></dc:SiteServer_LinkUrl>
<dc:SiteServer_AddDate xmlns:dc="http://purl.org/dc/elements/1.1/"><![CDATA[03/29/2018 23:45:00]]></dc:SiteServer_AddDate>
<dc:SiteServer_titleformatstring xmlns:dc="http://purl.org/dc/elements/1.1/"><![CDATA[gS5v14GEtRgpRV+jhkACTC3JFjAckCMO]]></dc:SiteServer_titleformatstring>
<dc:SiteServer_check_isadmin xmlns:dc="http://purl.org/dc/elements/1.1/"><![CDATA[Xz/xeYVjObg=]]></dc:SiteServer_check_isadmin>
<dc:SiteServer_check_username xmlns:dc="http://purl.org/dc/elements/1.1/"><![CDATA[hHM5rNI+hLg=]]></dc:SiteServer_check_username>
<dc:SiteServer_check_checkdate xmlns:dc="http://purl.org/dc/elements/1.1/"><![CDATA[UIQPSOm52XaR7qyXj6PbebMat83L0RdG]]></dc:SiteServer_check_checkdate>
<dc:SiteServer_translatecontenttype xmlns:dc="http://purl.org/dc/elements/1.1/"><![CDATA[YpzU3jfOomk=]]></dc:SiteServer_translatecontenttype>
</entry>
<entry>
<title>title</title>
<id>http://www.siteserver.cn/</id>
<modified>2018-07-14T02:14:57+08:00</modified>
<issued>2018-07-14T02:14:57+08:00</issued>
<created>2018-07-14T02:14:57+08:00</created>
<dc:SiteServer_Id xmlns:dc="http://purl.org/dc/elements/1.1/"><![CDATA[2153]]></dc:SiteServer_Id>
<dc:SiteServer_ChannelId xmlns:dc="http://purl.org/dc/elements/1.1/"><![CDATA[416]]></dc:SiteServer_ChannelId>
<dc:SiteServer_NodeId xmlns:dc="http://purl.org/dc/elements/1.1/"><![CDATA[416]]></dc:SiteServer_NodeId>
<dc:SiteServer_SiteId xmlns:dc="http://purl.org/dc/elements/1.1/"><![CDATA[335]]></dc:SiteServer_SiteId>
<dc:SiteServer_PublishmentSystemId xmlns:dc="http://purl.org/dc/elements/1.1/"><![CDATA[335]]></dc:SiteServer_PublishmentSystemId>
<dc:SiteServer_AddUserName xmlns:dc="http://purl.org/dc/elements/1.1/"><![CDATA[webjike]]></dc:SiteServer_AddUserName>
<dc:SiteServer_LastEditUserName xmlns:dc="http://purl.org/dc/elements/1.1/"><![CDATA[webjike]]></dc:SiteServer_LastEditUserName>
<dc:SiteServer_LastEditDate xmlns:dc="http://purl.org/dc/elements/1.1/"><![CDATA[06/20/2018 10:57:00]]></dc:SiteServer_LastEditDate>
<dc:SiteServer_Taxis xmlns:dc="http://purl.org/dc/elements/1.1/"><![CDATA[5]]></dc:SiteServer_Taxis>
<dc:SiteServer_SourceId xmlns:dc="http://purl.org/dc/elements/1.1/"><![CDATA[63]]></dc:SiteServer_SourceId>
<dc:SiteServer_ReferenceId xmlns:dc="http://purl.org/dc/elements/1.1/"><![CDATA[0]]></dc:SiteServer_ReferenceId>
<dc:SiteServer_IsChecked xmlns:dc="http://purl.org/dc/elements/1.1/"><![CDATA[True]]></dc:SiteServer_IsChecked>
<dc:SiteServer_CheckedLevel xmlns:dc="http://purl.org/dc/elements/1.1/"><![CDATA[0]]></dc:SiteServer_CheckedLevel>
<dc:SiteServer_Hits xmlns:dc="http://purl.org/dc/elements/1.1/"><![CDATA[0]]></dc:SiteServer_Hits>
<dc:SiteServer_HitsByDay xmlns:dc="http://purl.org/dc/elements/1.1/"><![CDATA[0]]></dc:SiteServer_HitsByDay>
<dc:SiteServer_HitsByWeek xmlns:dc="http://purl.org/dc/elements/1.1/"><![CDATA[0]]></dc:SiteServer_HitsByWeek>
<dc:SiteServer_HitsByMonth xmlns:dc="http://purl.org/dc/elements/1.1/"><![CDATA[0]]></dc:SiteServer_HitsByMonth>
<dc:SiteServer_LastHitsDate xmlns:dc="http://purl.org/dc/elements/1.1/"><![CDATA[03/29/2018 23:45:00]]></dc:SiteServer_LastHitsDate>
<dc:SiteServer_Title xmlns:dc="http://purl.org/dc/elements/1.1/"><![CDATA[icIXEWxjEP94eM4NFYiiDQ==]]></dc:SiteServer_Title>
<dc:SiteServer_IsTop xmlns:dc="http://purl.org/dc/elements/1.1/"><![CDATA[False]]></dc:SiteServer_IsTop>
<dc:SiteServer_IsRecommend xmlns:dc="http://purl.org/dc/elements/1.1/"><![CDATA[False]]></dc:SiteServer_IsRecommend>
<dc:SiteServer_IsHot xmlns:dc="http://purl.org/dc/elements/1.1/"><![CDATA[False]]></dc:SiteServer_IsHot>
<dc:SiteServer_IsColor xmlns:dc="http://purl.org/dc/elements/1.1/"><![CDATA[False]]></dc:SiteServer_IsColor>
<dc:SiteServer_LinkUrl xmlns:dc="http://purl.org/dc/elements/1.1/"><![CDATA[JxjYkCSr60bnDgyB5TGn0jZBVydDrFb3]]></dc:SiteServer_LinkUrl>
<dc:SiteServer_AddDate xmlns:dc="http://purl.org/dc/elements/1.1/"><![CDATA[03/29/2018 23:45:00]]></dc:SiteServer_AddDate>
<dc:SiteServer_titleformatstring xmlns:dc="http://purl.org/dc/elements/1.1/"><![CDATA[gS5v14GEtRgpRV+jhkACTC3JFjAckCMO]]></dc:SiteServer_titleformatstring>
<dc:SiteServer_check_isadmin xmlns:dc="http://purl.org/dc/elements/1.1/"><![CDATA[Xz/xeYVjObg=]]></dc:SiteServer_check_isadmin>
<dc:SiteServer_check_username xmlns:dc="http://purl.org/dc/elements/1.1/"><![CDATA[hHM5rNI+hLg=]]></dc:SiteServer_check_username>
<dc:SiteServer_check_checkdate xmlns:dc="http://purl.org/dc/elements/1.1/"><![CDATA[UIQPSOm52XaR7qyXj6PbebMat83L0RdG]]></dc:SiteServer_check_checkdate>
<dc:SiteServer_translatecontenttype xmlns:dc="http://purl.org/dc/elements/1.1/"><![CDATA[YpzU3jfOomk=]]></dc:SiteServer_translatecontenttype>
</entry>
<entry>
<title>title</title>
<id>http://www.siteserver.cn/</id>
<modified>2018-07-14T02:14:57+08:00</modified>
<issued>2018-07-14T02:14:57+08:00</issued>
<created>2018-07-14T02:14:57+08:00</created>
<dc:SiteServer_Id xmlns:dc="http://purl.org/dc/elements/1.1/"><![CDATA[2154]]></dc:SiteServer_Id>
<dc:SiteServer_ChannelId xmlns:dc="http://purl.org/dc/elements/1.1/"><![CDATA[416]]></dc:SiteServer_ChannelId>
<dc:SiteServer_NodeId xmlns:dc="http://purl.org/dc/elements/1.1/"><![CDATA[416]]></dc:SiteServer_NodeId>
<dc:SiteServer_SiteId xmlns:dc="http://purl.org/dc/elements/1.1/"><![CDATA[335]]></dc:SiteServer_SiteId>
<dc:SiteServer_PublishmentSystemId xmlns:dc="http://purl.org/dc/elements/1.1/"><![CDATA[335]]></dc:SiteServer_PublishmentSystemId>
<dc:SiteServer_AddUserName xmlns:dc="http://purl.org/dc/elements/1.1/"><![CDATA[webjike]]></dc:SiteServer_AddUserName>
<dc:SiteServer_LastEditUserName xmlns:dc="http://purl.org/dc/elements/1.1/"><![CDATA[webjike]]></dc:SiteServer_LastEditUserName>
<dc:SiteServer_LastEditDate xmlns:dc="http://purl.org/dc/elements/1.1/"><![CDATA[06/20/2018 10:57:00]]></dc:SiteServer_LastEditDate>
<dc:SiteServer_Taxis xmlns:dc="http://purl.org/dc/elements/1.1/"><![CDATA[6]]></dc:SiteServer_Taxis>
<dc:SiteServer_SourceId xmlns:dc="http://purl.org/dc/elements/1.1/"><![CDATA[63]]></dc:SiteServer_SourceId>
<dc:SiteServer_ReferenceId xmlns:dc="http://purl.org/dc/elements/1.1/"><![CDATA[0]]></dc:SiteServer_ReferenceId>
<dc:SiteServer_IsChecked xmlns:dc="http://purl.org/dc/elements/1.1/"><![CDATA[True]]></dc:SiteServer_IsChecked>
<dc:SiteServer_CheckedLevel xmlns:dc="http://purl.org/dc/elements/1.1/"><![CDATA[0]]></dc:SiteServer_CheckedLevel>
<dc:SiteServer_Hits xmlns:dc="http://purl.org/dc/elements/1.1/"><![CDATA[0]]></dc:SiteServer_Hits>
<dc:SiteServer_HitsByDay xmlns:dc="http://purl.org/dc/elements/1.1/"><![CDATA[0]]></dc:SiteServer_HitsByDay>
<dc:SiteServer_HitsByWeek xmlns:dc="http://purl.org/dc/elements/1.1/"><![CDATA[0]]></dc:SiteServer_HitsByWeek>
<dc:SiteServer_HitsByMonth xmlns:dc="http://purl.org/dc/elements/1.1/"><![CDATA[0]]></dc:SiteServer_HitsByMonth>
<dc:SiteServer_LastHitsDate xmlns:dc="http://purl.org/dc/elements/1.1/"><![CDATA[03/29/2018 23:45:00]]></dc:SiteServer_LastHitsDate>
<dc:SiteServer_Title xmlns:dc="http://purl.org/dc/elements/1.1/"><![CDATA[wdoSA4DU+HFRjUbgQltnRA==]]></dc:SiteServer_Title>
<dc:SiteServer_IsTop xmlns:dc="http://purl.org/dc/elements/1.1/"><![CDATA[False]]></dc:SiteServer_IsTop>
<dc:SiteServer_IsRecommend xmlns:dc="http://purl.org/dc/elements/1.1/"><![CDATA[False]]></dc:SiteServer_IsRecommend>
<dc:SiteServer_IsHot xmlns:dc="http://purl.org/dc/elements/1.1/"><![CDATA[False]]></dc:SiteServer_IsHot>
<dc:SiteServer_IsColor xmlns:dc="http://purl.org/dc/elements/1.1/"><![CDATA[False]]></dc:SiteServer_IsColor>
<dc:SiteServer_LinkUrl xmlns:dc="http://purl.org/dc/elements/1.1/"><![CDATA[oOBWRG4bg1W5WvEIQmzfv/eTa3sxwcPob8eNKhy4qcQ=]]></dc:SiteServer_LinkUrl>
<dc:SiteServer_AddDate xmlns:dc="http://purl.org/dc/elements/1.1/"><![CDATA[03/29/2018 23:45:00]]></dc:SiteServer_AddDate>
<dc:SiteServer_titleformatstring xmlns:dc="http://purl.org/dc/elements/1.1/"><![CDATA[gS5v14GEtRgpRV+jhkACTC3JFjAckCMO]]></dc:SiteServer_titleformatstring>
<dc:SiteServer_check_isadmin xmlns:dc="http://purl.org/dc/elements/1.1/"><![CDATA[Xz/xeYVjObg=]]></dc:SiteServer_check_isadmin>
<dc:SiteServer_check_username xmlns:dc="http://purl.org/dc/elements/1.1/"><![CDATA[hHM5rNI+hLg=]]></dc:SiteServer_check_username>
<dc:SiteServer_check_checkdate xmlns:dc="http://purl.org/dc/elements/1.1/"><![CDATA[UIQPSOm52XaR7qyXj6PbebMat83L0RdG]]></dc:SiteServer_check_checkdate>
<dc:SiteServer_translatecontenttype xmlns:dc="http://purl.org/dc/elements/1.1/"><![CDATA[YpzU3jfOomk=]]></dc:SiteServer_translatecontenttype>
</entry>
<entry>
<title>title</title>
<id>http://www.siteserver.cn/</id>
<modified>2018-07-14T02:14:57+08:00</modified>
<issued>2018-07-14T02:14:57+08:00</issued>
<created>2018-07-14T02:14:57+08:00</created>
<dc:SiteServer_Id xmlns:dc="http://purl.org/dc/elements/1.1/"><![CDATA[2155]]></dc:SiteServer_Id>
<dc:SiteServer_ChannelId xmlns:dc="http://purl.org/dc/elements/1.1/"><![CDATA[416]]></dc:SiteServer_ChannelId>
<dc:SiteServer_NodeId xmlns:dc="http://purl.org/dc/elements/1.1/"><![CDATA[416]]></dc:SiteServer_NodeId>
<dc:SiteServer_SiteId xmlns:dc="http://purl.org/dc/elements/1.1/"><![CDATA[335]]></dc:SiteServer_SiteId>
<dc:SiteServer_PublishmentSystemId xmlns:dc="http://purl.org/dc/elements/1.1/"><![CDATA[335]]></dc:SiteServer_PublishmentSystemId>
<dc:SiteServer_AddUserName xmlns:dc="http://purl.org/dc/elements/1.1/"><![CDATA[webjike]]></dc:SiteServer_AddUserName>
<dc:SiteServer_LastEditUserName xmlns:dc="http://purl.org/dc/elements/1.1/"><![CDATA[webjike]]></dc:SiteServer_LastEditUserName>
<dc:SiteServer_LastEditDate xmlns:dc="http://purl.org/dc/elements/1.1/"><![CDATA[06/20/2018 10:57:00]]></dc:SiteServer_LastEditDate>
<dc:SiteServer_Taxis xmlns:dc="http://purl.org/dc/elements/1.1/"><![CDATA[7]]></dc:SiteServer_Taxis>
<dc:SiteServer_SourceId xmlns:dc="http://purl.org/dc/elements/1.1/"><![CDATA[63]]></dc:SiteServer_SourceId>
<dc:SiteServer_ReferenceId xmlns:dc="http://purl.org/dc/elements/1.1/"><![CDATA[0]]></dc:SiteServer_ReferenceId>
<dc:SiteServer_IsChecked xmlns:dc="http://purl.org/dc/elements/1.1/"><![CDATA[True]]></dc:SiteServer_IsChecked>
<dc:SiteServer_CheckedLevel xmlns:dc="http://purl.org/dc/elements/1.1/"><![CDATA[0]]></dc:SiteServer_CheckedLevel>
<dc:SiteServer_Hits xmlns:dc="http://purl.org/dc/elements/1.1/"><![CDATA[0]]></dc:SiteServer_Hits>
<dc:SiteServer_HitsByDay xmlns:dc="http://purl.org/dc/elements/1.1/"><![CDATA[0]]></dc:SiteServer_HitsByDay>
<dc:SiteServer_HitsByWeek xmlns:dc="http://purl.org/dc/elements/1.1/"><![CDATA[0]]></dc:SiteServer_HitsByWeek>
<dc:SiteServer_HitsByMonth xmlns:dc="http://purl.org/dc/elements/1.1/"><![CDATA[0]]></dc:SiteServer_HitsByMonth>
<dc:SiteServer_LastHitsDate xmlns:dc="http://purl.org/dc/elements/1.1/"><![CDATA[03/29/2018 23:46:00]]></dc:SiteServer_LastHitsDate>
<dc:SiteServer_Title xmlns:dc="http://purl.org/dc/elements/1.1/"><![CDATA[ELdHO6hdhUscPKoFeqxT8A==]]></dc:SiteServer_Title>
<dc:SiteServer_IsTop xmlns:dc="http://purl.org/dc/elements/1.1/"><![CDATA[False]]></dc:SiteServer_IsTop>
<dc:SiteServer_IsRecommend xmlns:dc="http://purl.org/dc/elements/1.1/"><![CDATA[False]]></dc:SiteServer_IsRecommend>
<dc:SiteServer_IsHot xmlns:dc="http://purl.org/dc/elements/1.1/"><![CDATA[False]]></dc:SiteServer_IsHot>
<dc:SiteServer_IsColor xmlns:dc="http://purl.org/dc/elements/1.1/"><![CDATA[False]]></dc:SiteServer_IsColor>
<dc:SiteServer_LinkUrl xmlns:dc="http://purl.org/dc/elements/1.1/"><![CDATA[ccf2lZWH4jYmPR0XT8XaCW/hV1e8uz0hBOw8kfXizK8=]]></dc:SiteServer_LinkUrl>
<dc:SiteServer_AddDate xmlns:dc="http://purl.org/dc/elements/1.1/"><![CDATA[03/29/2018 23:46:00]]></dc:SiteServer_AddDate>
<dc:SiteServer_titleformatstring xmlns:dc="http://purl.org/dc/elements/1.1/"><![CDATA[gS5v14GEtRgpRV+jhkACTC3JFjAckCMO]]></dc:SiteServer_titleformatstring>
<dc:SiteServer_check_isadmin xmlns:dc="http://purl.org/dc/elements/1.1/"><![CDATA[Xz/xeYVjObg=]]></dc:SiteServer_check_isadmin>
<dc:SiteServer_check_username xmlns:dc="http://purl.org/dc/elements/1.1/"><![CDATA[hHM5rNI+hLg=]]></dc:SiteServer_check_username>
<dc:SiteServer_check_checkdate xmlns:dc="http://purl.org/dc/elements/1.1/"><![CDATA[UIQPSOm52XYVHgcDREQsscyY8RNgoztR]]></dc:SiteServer_check_checkdate>
<dc:SiteServer_translatecontenttype xmlns:dc="http://purl.org/dc/elements/1.1/"><![CDATA[YpzU3jfOomk=]]></dc:SiteServer_translatecontenttype>
</entry>
<entry>
<title>title</title>
<id>http://www.siteserver.cn/</id>
<modified>2018-07-14T02:14:57+08:00</modified>
<issued>2018-07-14T02:14:57+08:00</issued>
<created>2018-07-14T02:14:57+08:00</created>
<dc:SiteServer_Id xmlns:dc="http://purl.org/dc/elements/1.1/"><![CDATA[2156]]></dc:SiteServer_Id>
<dc:SiteServer_ChannelId xmlns:dc="http://purl.org/dc/elements/1.1/"><![CDATA[416]]></dc:SiteServer_ChannelId>
<dc:SiteServer_NodeId xmlns:dc="http://purl.org/dc/elements/1.1/"><![CDATA[416]]></dc:SiteServer_NodeId>
<dc:SiteServer_SiteId xmlns:dc="http://purl.org/dc/elements/1.1/"><![CDATA[335]]></dc:SiteServer_SiteId>
<dc:SiteServer_PublishmentSystemId xmlns:dc="http://purl.org/dc/elements/1.1/"><![CDATA[335]]></dc:SiteServer_PublishmentSystemId>
<dc:SiteServer_AddUserName xmlns:dc="http://purl.org/dc/elements/1.1/"><![CDATA[webjike]]></dc:SiteServer_AddUserName>
<dc:SiteServer_LastEditUserName xmlns:dc="http://purl.org/dc/elements/1.1/"><![CDATA[webjike]]></dc:SiteServer_LastEditUserName>
<dc:SiteServer_LastEditDate xmlns:dc="http://purl.org/dc/elements/1.1/"><![CDATA[06/20/2018 10:57:00]]></dc:SiteServer_LastEditDate>
<dc:SiteServer_Taxis xmlns:dc="http://purl.org/dc/elements/1.1/"><![CDATA[8]]></dc:SiteServer_Taxis>
<dc:SiteServer_SourceId xmlns:dc="http://purl.org/dc/elements/1.1/"><![CDATA[63]]></dc:SiteServer_SourceId>
<dc:SiteServer_ReferenceId xmlns:dc="http://purl.org/dc/elements/1.1/"><![CDATA[0]]></dc:SiteServer_ReferenceId>
<dc:SiteServer_IsChecked xmlns:dc="http://purl.org/dc/elements/1.1/"><![CDATA[True]]></dc:SiteServer_IsChecked>
<dc:SiteServer_CheckedLevel xmlns:dc="http://purl.org/dc/elements/1.1/"><![CDATA[0]]></dc:SiteServer_CheckedLevel>
<dc:SiteServer_Hits xmlns:dc="http://purl.org/dc/elements/1.1/"><![CDATA[0]]></dc:SiteServer_Hits>
<dc:SiteServer_HitsByDay xmlns:dc="http://purl.org/dc/elements/1.1/"><![CDATA[0]]></dc:SiteServer_HitsByDay>
<dc:SiteServer_HitsByWeek xmlns:dc="http://purl.org/dc/elements/1.1/"><![CDATA[0]]></dc:SiteServer_HitsByWeek>
<dc:SiteServer_HitsByMonth xmlns:dc="http://purl.org/dc/elements/1.1/"><![CDATA[0]]></dc:SiteServer_HitsByMonth>
<dc:SiteServer_LastHitsDate xmlns:dc="http://purl.org/dc/elements/1.1/"><![CDATA[03/29/2018 23:46:00]]></dc:SiteServer_LastHitsDate>
<dc:SiteServer_Title xmlns:dc="http://purl.org/dc/elements/1.1/"><![CDATA[CnmY5oMAnSohPhfGjC+jXg==]]></dc:SiteServer_Title>
<dc:SiteServer_IsTop xmlns:dc="http://purl.org/dc/elements/1.1/"><![CDATA[False]]></dc:SiteServer_IsTop>
<dc:SiteServer_IsRecommend xmlns:dc="http://purl.org/dc/elements/1.1/"><![CDATA[False]]></dc:SiteServer_IsRecommend>
<dc:SiteServer_IsHot xmlns:dc="http://purl.org/dc/elements/1.1/"><![CDATA[False]]></dc:SiteServer_IsHot>
<dc:SiteServer_IsColor xmlns:dc="http://purl.org/dc/elements/1.1/"><![CDATA[False]]></dc:SiteServer_IsColor>
<dc:SiteServer_LinkUrl xmlns:dc="http://purl.org/dc/elements/1.1/"><![CDATA[DU2ZfXjh12WdaxpQeOJo5lhUHGQxpiOe]]></dc:SiteServer_LinkUrl>
<dc:SiteServer_AddDate xmlns:dc="http://purl.org/dc/elements/1.1/"><![CDATA[03/29/2018 23:46:00]]></dc:SiteServer_AddDate>
<dc:SiteServer_titleformatstring xmlns:dc="http://purl.org/dc/elements/1.1/"><![CDATA[gS5v14GEtRgpRV+jhkACTC3JFjAckCMO]]></dc:SiteServer_titleformatstring>
<dc:SiteServer_check_isadmin xmlns:dc="http://purl.org/dc/elements/1.1/"><![CDATA[Xz/xeYVjObg=]]></dc:SiteServer_check_isadmin>
<dc:SiteServer_check_username xmlns:dc="http://purl.org/dc/elements/1.1/"><![CDATA[hHM5rNI+hLg=]]></dc:SiteServer_check_username>
<dc:SiteServer_check_checkdate xmlns:dc="http://purl.org/dc/elements/1.1/"><![CDATA[UIQPSOm52XYVHgcDREQsscyY8RNgoztR]]></dc:SiteServer_check_checkdate>
<dc:SiteServer_translatecontenttype xmlns:dc="http://purl.org/dc/elements/1.1/"><![CDATA[YpzU3jfOomk=]]></dc:SiteServer_translatecontenttype>
</entry>
<entry>
<title>title</title>
<id>http://www.siteserver.cn/</id>
<modified>2018-07-14T02:14:57+08:00</modified>
<issued>2018-07-14T02:14:57+08:00</issued>
<created>2018-07-14T02:14:57+08:00</created>
<dc:SiteServer_Id xmlns:dc="http://purl.org/dc/elements/1.1/"><![CDATA[2157]]></dc:SiteServer_Id>
<dc:SiteServer_ChannelId xmlns:dc="http://purl.org/dc/elements/1.1/"><![CDATA[416]]></dc:SiteServer_ChannelId>
<dc:SiteServer_NodeId xmlns:dc="http://purl.org/dc/elements/1.1/"><![CDATA[416]]></dc:SiteServer_NodeId>
<dc:SiteServer_SiteId xmlns:dc="http://purl.org/dc/elements/1.1/"><![CDATA[335]]></dc:SiteServer_SiteId>
<dc:SiteServer_PublishmentSystemId xmlns:dc="http://purl.org/dc/elements/1.1/"><![CDATA[335]]></dc:SiteServer_PublishmentSystemId>
<dc:SiteServer_AddUserName xmlns:dc="http://purl.org/dc/elements/1.1/"><![CDATA[webjike]]></dc:SiteServer_AddUserName>
<dc:SiteServer_LastEditUserName xmlns:dc="http://purl.org/dc/elements/1.1/"><![CDATA[webjike]]></dc:SiteServer_LastEditUserName>
<dc:SiteServer_LastEditDate xmlns:dc="http://purl.org/dc/elements/1.1/"><![CDATA[06/20/2018 10:57:00]]></dc:SiteServer_LastEditDate>
<dc:SiteServer_Taxis xmlns:dc="http://purl.org/dc/elements/1.1/"><![CDATA[9]]></dc:SiteServer_Taxis>
<dc:SiteServer_SourceId xmlns:dc="http://purl.org/dc/elements/1.1/"><![CDATA[63]]></dc:SiteServer_SourceId>
<dc:SiteServer_ReferenceId xmlns:dc="http://purl.org/dc/elements/1.1/"><![CDATA[0]]></dc:SiteServer_ReferenceId>
<dc:SiteServer_IsChecked xmlns:dc="http://purl.org/dc/elements/1.1/"><![CDATA[True]]></dc:SiteServer_IsChecked>
<dc:SiteServer_CheckedLevel xmlns:dc="http://purl.org/dc/elements/1.1/"><![CDATA[0]]></dc:SiteServer_CheckedLevel>
<dc:SiteServer_Hits xmlns:dc="http://purl.org/dc/elements/1.1/"><![CDATA[0]]></dc:SiteServer_Hits>
<dc:SiteServer_HitsByDay xmlns:dc="http://purl.org/dc/elements/1.1/"><![CDATA[0]]></dc:SiteServer_HitsByDay>
<dc:SiteServer_HitsByWeek xmlns:dc="http://purl.org/dc/elements/1.1/"><![CDATA[0]]></dc:SiteServer_HitsByWeek>
<dc:SiteServer_HitsByMonth xmlns:dc="http://purl.org/dc/elements/1.1/"><![CDATA[0]]></dc:SiteServer_HitsByMonth>
<dc:SiteServer_LastHitsDate xmlns:dc="http://purl.org/dc/elements/1.1/"><![CDATA[03/29/2018 23:46:00]]></dc:SiteServer_LastHitsDate>
<dc:SiteServer_Title xmlns:dc="http://purl.org/dc/elements/1.1/"><![CDATA[v5FiIaXv3VIfAkB4AIlXxg==]]></dc:SiteServer_Title>
<dc:SiteServer_IsTop xmlns:dc="http://purl.org/dc/elements/1.1/"><![CDATA[False]]></dc:SiteServer_IsTop>
<dc:SiteServer_IsRecommend xmlns:dc="http://purl.org/dc/elements/1.1/"><![CDATA[False]]></dc:SiteServer_IsRecommend>
<dc:SiteServer_IsHot xmlns:dc="http://purl.org/dc/elements/1.1/"><![CDATA[False]]></dc:SiteServer_IsHot>
<dc:SiteServer_IsColor xmlns:dc="http://purl.org/dc/elements/1.1/"><![CDATA[False]]></dc:SiteServer_IsColor>
<dc:SiteServer_LinkUrl xmlns:dc="http://purl.org/dc/elements/1.1/"><![CDATA[oOBWRG4bg1X8MNlYYiUWlcm4CeIdecdq]]></dc:SiteServer_LinkUrl>
<dc:SiteServer_AddDate xmlns:dc="http://purl.org/dc/elements/1.1/"><![CDATA[03/29/2018 23:46:00]]></dc:SiteServer_AddDate>
<dc:SiteServer_titleformatstring xmlns:dc="http://purl.org/dc/elements/1.1/"><![CDATA[gS5v14GEtRgpRV+jhkACTC3JFjAckCMO]]></dc:SiteServer_titleformatstring>
<dc:SiteServer_check_isadmin xmlns:dc="http://purl.org/dc/elements/1.1/"><![CDATA[Xz/xeYVjObg=]]></dc:SiteServer_check_isadmin>
<dc:SiteServer_check_username xmlns:dc="http://purl.org/dc/elements/1.1/"><![CDATA[hHM5rNI+hLg=]]></dc:SiteServer_check_username>
<dc:SiteServer_check_checkdate xmlns:dc="http://purl.org/dc/elements/1.1/"><![CDATA[UIQPSOm52XYVHgcDREQsscyY8RNgoztR]]></dc:SiteServer_check_checkdate>
<dc:SiteServer_translatecontenttype xmlns:dc="http://purl.org/dc/elements/1.1/"><![CDATA[YpzU3jfOomk=]]></dc:SiteServer_translatecontenttype>
</entry>
</feed>
