﻿<?xml version="1.0" encoding="utf-8"?>
<!--Generated by SiteServer CMS-->
<feed version="0.3" xmlns="http://purl.org/atom/ns#">
<title>siteserver channel</title>
<author>
<name>siteserver</name>
<url>http://www.siteserver.cn/</url>
</author>
<generator url="http://www.siteserver.cn/" version="6.4.1.0">Generated by SiteServer CMS</generator>
<modified>2018-07-14T02:15:00+08:00</modified>
<dc:SiteServer_TableName xmlns:dc="http://purl.org/dc/elements/1.1/"><![CDATA[model_Content]]></dc:SiteServer_TableName>
<dc:SiteServer_TableENName xmlns:dc="http://purl.org/dc/elements/1.1/"><![CDATA[model_Content]]></dc:SiteServer_TableENName>
<dc:SiteServer_DisplayName xmlns:dc="http://purl.org/dc/elements/1.1/"><![CDATA[后台内容表]]></dc:SiteServer_DisplayName>
<dc:SiteServer_TableCNName xmlns:dc="http://purl.org/dc/elements/1.1/"><![CDATA[后台内容表]]></dc:SiteServer_TableCNName>
<dc:SiteServer_AttributeNum xmlns:dc="http://purl.org/dc/elements/1.1/"><![CDATA[0]]></dc:SiteServer_AttributeNum>
<dc:SiteServer_IsCreatedInDb xmlns:dc="http://purl.org/dc/elements/1.1/"><![CDATA[True]]></dc:SiteServer_IsCreatedInDb>
<dc:SiteServer_IsCreatedInDB xmlns:dc="http://purl.org/dc/elements/1.1/"><![CDATA[True]]></dc:SiteServer_IsCreatedInDB>
<dc:SiteServer_IsChangedAfterCreatedInDb xmlns:dc="http://purl.org/dc/elements/1.1/"><![CDATA[False]]></dc:SiteServer_IsChangedAfterCreatedInDb>
<dc:SiteServer_IsChangedAfterCreatedInDB xmlns:dc="http://purl.org/dc/elements/1.1/"><![CDATA[False]]></dc:SiteServer_IsChangedAfterCreatedInDB>
<entry>
<title>title</title>
<id>http://www.siteserver.cn/</id>
<modified>2018-07-14T02:15:00+08:00</modified>
<issued>2018-07-14T02:15:00+08:00</issued>
<created>2018-07-14T02:15:00+08:00</created>
<dc:SiteServer_Id xmlns:dc="http://purl.org/dc/elements/1.1/"><![CDATA[1]]></dc:SiteServer_Id>
<dc:SiteServer_TableMetadataID xmlns:dc="http://purl.org/dc/elements/1.1/"><![CDATA[1]]></dc:SiteServer_TableMetadataID>
<dc:SiteServer_TableName xmlns:dc="http://purl.org/dc/elements/1.1/"><![CDATA[model_Content]]></dc:SiteServer_TableName>
<dc:SiteServer_AuxiliaryTableENName xmlns:dc="http://purl.org/dc/elements/1.1/"><![CDATA[model_Content]]></dc:SiteServer_AuxiliaryTableENName>
<dc:SiteServer_AttributeName xmlns:dc="http://purl.org/dc/elements/1.1/"><![CDATA[SubTitle]]></dc:SiteServer_AttributeName>
<dc:SiteServer_DataType xmlns:dc="http://purl.org/dc/elements/1.1/"><![CDATA[VarChar]]></dc:SiteServer_DataType>
<dc:SiteServer_DataLength xmlns:dc="http://purl.org/dc/elements/1.1/"><![CDATA[255]]></dc:SiteServer_DataLength>
<dc:SiteServer_Taxis xmlns:dc="http://purl.org/dc/elements/1.1/"><![CDATA[1]]></dc:SiteServer_Taxis>
<dc:SiteServer_IsSystem xmlns:dc="http://purl.org/dc/elements/1.1/"><![CDATA[True]]></dc:SiteServer_IsSystem>
</entry>
<entry>
<title>title</title>
<id>http://www.siteserver.cn/</id>
<modified>2018-07-14T02:15:00+08:00</modified>
<issued>2018-07-14T02:15:00+08:00</issued>
<created>2018-07-14T02:15:00+08:00</created>
<dc:SiteServer_Id xmlns:dc="http://purl.org/dc/elements/1.1/"><![CDATA[2]]></dc:SiteServer_Id>
<dc:SiteServer_TableMetadataID xmlns:dc="http://purl.org/dc/elements/1.1/"><![CDATA[2]]></dc:SiteServer_TableMetadataID>
<dc:SiteServer_TableName xmlns:dc="http://purl.org/dc/elements/1.1/"><![CDATA[model_Content]]></dc:SiteServer_TableName>
<dc:SiteServer_AuxiliaryTableENName xmlns:dc="http://purl.org/dc/elements/1.1/"><![CDATA[model_Content]]></dc:SiteServer_AuxiliaryTableENName>
<dc:SiteServer_AttributeName xmlns:dc="http://purl.org/dc/elements/1.1/"><![CDATA[ImageUrl]]></dc:SiteServer_AttributeName>
<dc:SiteServer_DataType xmlns:dc="http://purl.org/dc/elements/1.1/"><![CDATA[VarChar]]></dc:SiteServer_DataType>
<dc:SiteServer_DataLength xmlns:dc="http://purl.org/dc/elements/1.1/"><![CDATA[200]]></dc:SiteServer_DataLength>
<dc:SiteServer_Taxis xmlns:dc="http://purl.org/dc/elements/1.1/"><![CDATA[2]]></dc:SiteServer_Taxis>
<dc:SiteServer_IsSystem xmlns:dc="http://purl.org/dc/elements/1.1/"><![CDATA[True]]></dc:SiteServer_IsSystem>
</entry>
<entry>
<title>title</title>
<id>http://www.siteserver.cn/</id>
<modified>2018-07-14T02:15:00+08:00</modified>
<issued>2018-07-14T02:15:00+08:00</issued>
<created>2018-07-14T02:15:00+08:00</created>
<dc:SiteServer_Id xmlns:dc="http://purl.org/dc/elements/1.1/"><![CDATA[3]]></dc:SiteServer_Id>
<dc:SiteServer_TableMetadataID xmlns:dc="http://purl.org/dc/elements/1.1/"><![CDATA[3]]></dc:SiteServer_TableMetadataID>
<dc:SiteServer_TableName xmlns:dc="http://purl.org/dc/elements/1.1/"><![CDATA[model_Content]]></dc:SiteServer_TableName>
<dc:SiteServer_AuxiliaryTableENName xmlns:dc="http://purl.org/dc/elements/1.1/"><![CDATA[model_Content]]></dc:SiteServer_AuxiliaryTableENName>
<dc:SiteServer_AttributeName xmlns:dc="http://purl.org/dc/elements/1.1/"><![CDATA[VideoUrl]]></dc:SiteServer_AttributeName>
<dc:SiteServer_DataType xmlns:dc="http://purl.org/dc/elements/1.1/"><![CDATA[VarChar]]></dc:SiteServer_DataType>
<dc:SiteServer_DataLength xmlns:dc="http://purl.org/dc/elements/1.1/"><![CDATA[200]]></dc:SiteServer_DataLength>
<dc:SiteServer_Taxis xmlns:dc="http://purl.org/dc/elements/1.1/"><![CDATA[3]]></dc:SiteServer_Taxis>
<dc:SiteServer_IsSystem xmlns:dc="http://purl.org/dc/elements/1.1/"><![CDATA[True]]></dc:SiteServer_IsSystem>
</entry>
<entry>
<title>title</title>
<id>http://www.siteserver.cn/</id>
<modified>2018-07-14T02:15:00+08:00</modified>
<issued>2018-07-14T02:15:00+08:00</issued>
<created>2018-07-14T02:15:00+08:00</created>
<dc:SiteServer_Id xmlns:dc="http://purl.org/dc/elements/1.1/"><![CDATA[4]]></dc:SiteServer_Id>
<dc:SiteServer_TableMetadataID xmlns:dc="http://purl.org/dc/elements/1.1/"><![CDATA[4]]></dc:SiteServer_TableMetadataID>
<dc:SiteServer_TableName xmlns:dc="http://purl.org/dc/elements/1.1/"><![CDATA[model_Content]]></dc:SiteServer_TableName>
<dc:SiteServer_AuxiliaryTableENName xmlns:dc="http://purl.org/dc/elements/1.1/"><![CDATA[model_Content]]></dc:SiteServer_AuxiliaryTableENName>
<dc:SiteServer_AttributeName xmlns:dc="http://purl.org/dc/elements/1.1/"><![CDATA[FileUrl]]></dc:SiteServer_AttributeName>
<dc:SiteServer_DataType xmlns:dc="http://purl.org/dc/elements/1.1/"><![CDATA[VarChar]]></dc:SiteServer_DataType>
<dc:SiteServer_DataLength xmlns:dc="http://purl.org/dc/elements/1.1/"><![CDATA[200]]></dc:SiteServer_DataLength>
<dc:SiteServer_Taxis xmlns:dc="http://purl.org/dc/elements/1.1/"><![CDATA[4]]></dc:SiteServer_Taxis>
<dc:SiteServer_IsSystem xmlns:dc="http://purl.org/dc/elements/1.1/"><![CDATA[True]]></dc:SiteServer_IsSystem>
</entry>
<entry>
<title>title</title>
<id>http://www.siteserver.cn/</id>
<modified>2018-07-14T02:15:00+08:00</modified>
<issued>2018-07-14T02:15:00+08:00</issued>
<created>2018-07-14T02:15:00+08:00</created>
<dc:SiteServer_Id xmlns:dc="http://purl.org/dc/elements/1.1/"><![CDATA[5]]></dc:SiteServer_Id>
<dc:SiteServer_TableMetadataID xmlns:dc="http://purl.org/dc/elements/1.1/"><![CDATA[5]]></dc:SiteServer_TableMetadataID>
<dc:SiteServer_TableName xmlns:dc="http://purl.org/dc/elements/1.1/"><![CDATA[model_Content]]></dc:SiteServer_TableName>
<dc:SiteServer_AuxiliaryTableENName xmlns:dc="http://purl.org/dc/elements/1.1/"><![CDATA[model_Content]]></dc:SiteServer_AuxiliaryTableENName>
<dc:SiteServer_AttributeName xmlns:dc="http://purl.org/dc/elements/1.1/"><![CDATA[Content]]></dc:SiteServer_AttributeName>
<dc:SiteServer_DataType xmlns:dc="http://purl.org/dc/elements/1.1/"><![CDATA[Text]]></dc:SiteServer_DataType>
<dc:SiteServer_DataLength xmlns:dc="http://purl.org/dc/elements/1.1/"><![CDATA[16]]></dc:SiteServer_DataLength>
<dc:SiteServer_Taxis xmlns:dc="http://purl.org/dc/elements/1.1/"><![CDATA[5]]></dc:SiteServer_Taxis>
<dc:SiteServer_IsSystem xmlns:dc="http://purl.org/dc/elements/1.1/"><![CDATA[True]]></dc:SiteServer_IsSystem>
</entry>
<entry>
<title>title</title>
<id>http://www.siteserver.cn/</id>
<modified>2018-07-14T02:15:00+08:00</modified>
<issued>2018-07-14T02:15:00+08:00</issued>
<created>2018-07-14T02:15:00+08:00</created>
<dc:SiteServer_Id xmlns:dc="http://purl.org/dc/elements/1.1/"><![CDATA[6]]></dc:SiteServer_Id>
<dc:SiteServer_TableMetadataID xmlns:dc="http://purl.org/dc/elements/1.1/"><![CDATA[6]]></dc:SiteServer_TableMetadataID>
<dc:SiteServer_TableName xmlns:dc="http://purl.org/dc/elements/1.1/"><![CDATA[model_Content]]></dc:SiteServer_TableName>
<dc:SiteServer_AuxiliaryTableENName xmlns:dc="http://purl.org/dc/elements/1.1/"><![CDATA[model_Content]]></dc:SiteServer_AuxiliaryTableENName>
<dc:SiteServer_AttributeName xmlns:dc="http://purl.org/dc/elements/1.1/"><![CDATA[Summary]]></dc:SiteServer_AttributeName>
<dc:SiteServer_DataType xmlns:dc="http://purl.org/dc/elements/1.1/"><![CDATA[Text]]></dc:SiteServer_DataType>
<dc:SiteServer_DataLength xmlns:dc="http://purl.org/dc/elements/1.1/"><![CDATA[16]]></dc:SiteServer_DataLength>
<dc:SiteServer_Taxis xmlns:dc="http://purl.org/dc/elements/1.1/"><![CDATA[6]]></dc:SiteServer_Taxis>
<dc:SiteServer_IsSystem xmlns:dc="http://purl.org/dc/elements/1.1/"><![CDATA[True]]></dc:SiteServer_IsSystem>
</entry>
<entry>
<title>title</title>
<id>http://www.siteserver.cn/</id>
<modified>2018-07-14T02:15:00+08:00</modified>
<issued>2018-07-14T02:15:00+08:00</issued>
<created>2018-07-14T02:15:00+08:00</created>
<dc:SiteServer_Id xmlns:dc="http://purl.org/dc/elements/1.1/"><![CDATA[7]]></dc:SiteServer_Id>
<dc:SiteServer_TableMetadataID xmlns:dc="http://purl.org/dc/elements/1.1/"><![CDATA[7]]></dc:SiteServer_TableMetadataID>
<dc:SiteServer_TableName xmlns:dc="http://purl.org/dc/elements/1.1/"><![CDATA[model_Content]]></dc:SiteServer_TableName>
<dc:SiteServer_AuxiliaryTableENName xmlns:dc="http://purl.org/dc/elements/1.1/"><![CDATA[model_Content]]></dc:SiteServer_AuxiliaryTableENName>
<dc:SiteServer_AttributeName xmlns:dc="http://purl.org/dc/elements/1.1/"><![CDATA[Author]]></dc:SiteServer_AttributeName>
<dc:SiteServer_DataType xmlns:dc="http://purl.org/dc/elements/1.1/"><![CDATA[VarChar]]></dc:SiteServer_DataType>
<dc:SiteServer_DataLength xmlns:dc="http://purl.org/dc/elements/1.1/"><![CDATA[255]]></dc:SiteServer_DataLength>
<dc:SiteServer_Taxis xmlns:dc="http://purl.org/dc/elements/1.1/"><![CDATA[7]]></dc:SiteServer_Taxis>
<dc:SiteServer_IsSystem xmlns:dc="http://purl.org/dc/elements/1.1/"><![CDATA[True]]></dc:SiteServer_IsSystem>
</entry>
<entry>
<title>title</title>
<id>http://www.siteserver.cn/</id>
<modified>2018-07-14T02:15:00+08:00</modified>
<issued>2018-07-14T02:15:00+08:00</issued>
<created>2018-07-14T02:15:00+08:00</created>
<dc:SiteServer_Id xmlns:dc="http://purl.org/dc/elements/1.1/"><![CDATA[8]]></dc:SiteServer_Id>
<dc:SiteServer_TableMetadataID xmlns:dc="http://purl.org/dc/elements/1.1/"><![CDATA[8]]></dc:SiteServer_TableMetadataID>
<dc:SiteServer_TableName xmlns:dc="http://purl.org/dc/elements/1.1/"><![CDATA[model_Content]]></dc:SiteServer_TableName>
<dc:SiteServer_AuxiliaryTableENName xmlns:dc="http://purl.org/dc/elements/1.1/"><![CDATA[model_Content]]></dc:SiteServer_AuxiliaryTableENName>
<dc:SiteServer_AttributeName xmlns:dc="http://purl.org/dc/elements/1.1/"><![CDATA[Source]]></dc:SiteServer_AttributeName>
<dc:SiteServer_DataType xmlns:dc="http://purl.org/dc/elements/1.1/"><![CDATA[VarChar]]></dc:SiteServer_DataType>
<dc:SiteServer_DataLength xmlns:dc="http://purl.org/dc/elements/1.1/"><![CDATA[255]]></dc:SiteServer_DataLength>
<dc:SiteServer_Taxis xmlns:dc="http://purl.org/dc/elements/1.1/"><![CDATA[8]]></dc:SiteServer_Taxis>
<dc:SiteServer_IsSystem xmlns:dc="http://purl.org/dc/elements/1.1/"><![CDATA[True]]></dc:SiteServer_IsSystem>
</entry>
</feed>
